Start Date,End Date,Meeting,Center
02/06/2024 09:00 AM EST,02/06/2024 05:00 PM EST,"February 6, 2024: General Hospital and Personal Use Devices Panel of the Medical Devices Advisory Committee Meeting Announcement - 02/06/2024",Center for Devices and Radiological Health
02/02/2024 09:00 AM EST,02/02/2024 06:30 PM EST,"February 2, 2024: Anesthesiology and Respiratory Therapy Devices Panel of the Medical Devices Advisory Committee Meeting Announcement - 02/02/2024",Center for Devices and Radiological Health
11/29/2023 09:00 AM EST,11/29/2023 05:00 PM EST,"November 29, 2023: Molecular and Clinical Genetics Panel of the Medical Devices Advisory Committee Meeting Announcement - 11/29/2023",Center for Devices and Radiological Health
11/17/2023 09:00 AM EST,11/17/2023 05:00 PM EST,"November 17, 2023: Meeting of the Pulmonary-Allergy Drugs Advisory Committee - 11/17/2023",Center for Drug Evaluation and Research
11/16/2023 09:00 AM EST,11/16/2023 01:30 PM EST,"November 16, 2023: Meeting of the Oncologic Drugs Advisory Committee Meeting Announcement - 11/16/2023",Center for Drug Evaluation and Research
11/07/2023 09:00 AM EST,11/07/2023 12:15 PM EST,"November 7, 2023: Radiological Devices Panel of the Medical Devices Advisory Committee Meeting Announcement - 11/07/2023",Center for Devices and Radiological Health
10/31/2023 09:00 AM EDT,10/31/2023 05:00 PM EDT,"Cellular, Tissue, and Gene Therapies Advisory Committee October 31, 2023 Meeting Announcement - 10/31/2023",Center for Biologics Evaluation and Research
10/05/2023 09:30 AM EDT,10/05/2023 03:00 PM EDT,"October 5, 2023: Meeting of the Oncologic Drugs Advisory Committee Meeting Announcement - 10/05/2023",Center for Drug Evaluation and Research
10/05/2023 08:30 AM EDT,10/05/2023 01:30 PM EDT,"Vaccines and Related Biological Products Advisory Committee October 5, 2023 Meeting Announcement - 10/05/2023",Center for Biologics Evaluation and Research
10/04/2023 09:30 AM EDT,10/04/2023 03:00 PM EDT,"October 4, 2023: Meeting of the Oncologic Drugs Advisory Committee Meeting Announcement - 10/04/2023",Center for Drug Evaluation and Research
09/27/2023 10:00 AM EDT,09/27/2023 06:00 PM EDT,"Cellular, Tissue, and Gene Therapies Advisory Committee September 27, 2023 Meeting Announcement - 09/27/2023",Center for Biologics Evaluation and Research
09/21/2023 09:00 AM EDT,09/21/2023 05:30 PM EDT,"UPDATED PUBLIC PARTICIPATION INFORMATION: September 21, 2023 Meeting of the Endocrinologic and Metabolic Drugs Advisory Committee Meeting Announcement - 09/21/2023",Center for Drug Evaluation and Research
09/19/2023 09:00 AM EDT,09/20/2023 01:00 PM EDT,Pediatric Advisory Committee Meeting Announcement - 09/19/2023,Office of the Commissioner
09/13/2023 09:00 AM EDT,09/13/2023 04:00 PM EDT,"UPDATED PUBLIC PARTICIPATION INFORMATION: September 13, 2023: Cardiovascular and Renal Drugs Advisory Committee Meeting Announcement - 09/13/2023",Center for Drug Evaluation and Research
09/11/2023 09:00 AM EDT,09/12/2023 02:30 PM EDT,"UPDATED: September 11-12, 2023: Meeting of the Nonprescription Drugs Advisory Committee Meeting Announcement - 09/11/2023",Center for Drug Evaluation and Research
09/07/2023 09:00 AM EDT,09/08/2023 03:45 PM EDT,"September 7-8, 2023: Microbiology Devices Panel of the Medical Devices Advisory Committee Meeting Announcement - 09/07/2023",Center for Devices and Radiological Health
09/06/2023 10:00 AM EDT,09/06/2023 05:20 PM EDT,"September 6, 2023: Patient Engagement Advisory Committee Meeting Announcement - 09/06/2023",Center for Devices and Radiological Health
08/22/2023 09:00 AM EDT,08/23/2023 06:00 PM EDT,"August 22-23, 2023: Circulatory System Devices Panel of the Medical Devices Advisory Committee Meeting Announcement - 08/22/2023",Center for Devices and Radiological Health
08/01/2023 12:00 PM EDT,08/01/2023 05:00 PM EDT,"August 1, 2023: Meeting of the Medical Imaging Drugs Advisory Committee Meeting Announcement - 08/01/2023",Center for Drug Evaluation and Research
06/28/2023 09:30 AM EDT,06/28/2023 05:30 PM EDT,"June 28, 2023 Meeting of the Endocrinologic and Metabolic Drugs Advisory Committee Meeting Announcement - 06/28/2023",Center for Drug Evaluation and Research
06/16/2023 10:00 AM EDT,06/16/2023 03:30 PM EDT,"June 16, 2023: Pediatric Oncology Subcommittee of the Oncologic Drugs Advisory Committee Meeting Announcement - 06/16/2023",Center for Drug Evaluation and Research
06/15/2023 08:30 AM EDT,06/15/2023 05:00 PM EDT,"Vaccines and Related Biological Products Advisory Committee June 15, 2023 Meeting Announcement - 06/15/2023",Center for Biologics Evaluation and Research
06/09/2023 10:00 AM EDT,06/09/2023 05:00 PM EDT,"UPDATED INFORMATION: June 9, 2023: Meeting of the Peripheral and Central Nervous System Drugs Advisory Committee Meeting Announcement - 06/09/2023",Center for Drug Evaluation and Research
06/08/2023 09:30 AM EDT,06/08/2023 05:00 PM EDT,"June 8, 2023: Meeting of the Antimicrobial Drugs Advisory Committee Meeting Announcement - 06/08/2023",Center for Drug Evaluation and Research
05/19/2023 09:00 AM EDT,05/19/2023 05:00 PM EDT,"May 19, 2023: Meeting of the Gastrointestinal Drugs Advisory Committee Meeting Announcement - 05/19/2023",Center for Drug Evaluation and Research
05/18/2023 09:00 AM EDT,05/18/2023 02:00 PM EDT,"May 18, 2023: Tobacco Products Scientific Advisory Committee Meeting - 05/18/2023",Center for Tobacco Products
05/18/2023 08:30 AM EDT,05/18/2023 05:30 PM EDT,"Vaccines and Related Biological Products Advisory Committee May 18, 2023 Meeting Announcement - 05/18/2023",Center for Biologics Evaluation and Research
05/12/2023 09:00 AM EDT,05/12/2023 06:00 PM EDT,"Cellular, Tissue, and Gene Therapies Advisory Committee May 12, 2023 Meeting Announcement - 05/12/2023",Center for Biologics Evaluation and Research
05/11/2023 09:00 AM EDT,05/11/2023 05:00 PM EDT,"May 11, 2023: Pulmonary-Allergy Drugs Advisory Committee Meeting Announcement - 05/11/2023",Center for Drug Evaluation and Research
05/09/2023 09:30 AM EDT,05/10/2023 01:30 PM EDT,"May 9-10, 2023: Joint Meeting of the Nonprescription Drugs Advisory Committee and the Obstetrics, Reproductive and Urologic Drugs Advisory Committee Meeting Announcement - 05/09/2023",Center for Drug Evaluation and Research
04/28/2023 11:00 AM EDT,04/28/2023 04:30 PM EDT,"April 28, 2023: Meeting of the Oncologic Drugs Advisory Committee Meeting Announcement - 04/28/2023",Center for Drug Evaluation and Research
04/26/2023 09:30 AM EDT,04/26/2023 01:00 PM EDT,"Blood Products Advisory Committee April 26, 2023 Meeting Announcement - 04/26/2023",Center for Biologics Evaluation and Research
04/20/2023 09:00 AM EDT,04/20/2023 06:00 PM EDT,"April 20, 2023: Orthopaedic and Rehabilitation Devices Panel of the Medical Devices Advisory Committee Meeting Announcement - 04/20/2023",Center for Devices and Radiological Health
04/19/2023 09:00 AM EDT,04/19/2023 05:30 PM EDT,"April 19, 2023: Meeting of the Anesthetic and Analgesic Drug Products Advisory Committee Meeting Announcement - 04/19/2023",Center for Drug Evaluation and Research
04/17/2023 09:00 AM EDT,04/17/2023 04:30 PM EDT,"UPDATED INFORMATION: April 17, 2023: Meeting of the Antimicrobial Drugs Advisory Committee Meeting Announcement - 04/17/2023",Center for Drug Evaluation and Research
04/14/2023 09:00 AM EDT,04/14/2023 04:00 PM EDT,"April 14, 2023: Joint Meeting of the Psychopharmacologic Drugs Advisory Committee and the Peripheral and Central Nervous System Drugs Advisory Committee Meeting Announcement - 04/14/2023",Center for Drug Evaluation and Research
04/12/2023 08:30 AM EDT,04/12/2023 05:30 PM EDT,"UPDATED INFORMATION: April 12, 2023: Meeting of the Nonprescription Drugs Advisory Committee Meeting Announcement - 04/12/2023",Center for Drug Evaluation and Research
04/04/2023 09:00 AM EDT,04/05/2023 12:30 PM EDT,"April 4-5, 2023: Science Advisory Board to the National Center for Toxicological Research 2023 Meeting Announcement - 04/04/2023",National Center for Toxicological Research
03/28/2023 10:00 AM EDT,03/29/2023 04:00 PM EDT,"March 28-29, 2023: Joint Meeting of the Drug Safety and Risk Management Advisory Committee and the Dermatologic and Ophthalmic Drugs Advisory Committee Meeting Announcement - 03/28/2023",Center for Drug Evaluation and Research
03/22/2023 09:15 AM EDT,03/22/2023 06:00 PM EDT,"UPDATED MEETING TIME AND PUBLIC PARTICIPATION INFORMATION: March 22, 2023: Meeting of the Peripheral and Central Nervous System Drugs Advisory Committee Meeting Announcement - 03/22/2023",Center for Drug Evaluation and Research
03/20/2023 09:00 AM EDT,03/20/2023 05:30 PM EDT,"CANCELLED: March 20, 2023: Joint Meeting of the Nonprescription Drugs Advisory Committee and the Anesthetic and Analgesic Drug Products Advisory Committee Announcement - 03/20/2023",Center for Drug Evaluation and Research
03/16/2023 09:00 AM EDT,03/16/2023 05:00 PM EDT,"UPDATED INFORMATION: March 16, 2023: Antimicrobial Drugs Advisory Committee Meeting Announcement - 03/16/2023",Center for Drug Evaluation and Research
03/09/2023 12:00 PM EST,03/09/2023 05:00 PM EST,"March 9, 2023: Meeting of the Oncologic Drugs Advisory Committee Meeting Announcement - 03/09/2023",Center for Drug Evaluation and Research
03/07/2023 09:00 AM EST,03/07/2023 03:30 PM EST,"Vaccines and Related Biological Products Advisory Committee March 7, 2023 Meeting Announcement - 03/07/2023",Center for Biologics Evaluation and Research
02/28/2023 08:30 AM EST,03/01/2023 03:50 PM EST,"Vaccines and Related Biological Products Advisory Committee February 28 - March 1, 2023 Meeting Announcement - 02/28/2023",Center for Biologics Evaluation and Research
02/15/2023 09:00 AM EST,02/15/2023 05:30 PM EST,"February 15, 2023: Joint Meeting of the Nonprescription Drugs Advisory Committee and the Anesthetic and Analgesic Drug Products Advisory Committee Meeting Announcement - 02/15/2023",Center for Drug Evaluation and Research
02/09/2023 11:00 AM EST,02/09/2023 05:30 PM EST,"UPDATED INFORMATION: February 9, 2023: Meeting of the Oncologic Drugs Advisory Committee Meeting Announcement - 02/09/2023",Center for Drug Evaluation and Research
01/26/2023 08:30 AM EST,01/26/2023 05:30 PM EST,"Vaccines and Related Biological Products Advisory Committee January 26, 2023 Meeting Announcement - 01/26/2023",Center for Biologics Evaluation and Research
01/24/2023 09:00 AM EST,01/24/2023 04:30 PM EST,"UPDATED PUBLIC PARTICIPATION INFORMATION: January 24, 2023: Antimicrobial Drugs Advisory Committee Meeting Announcement - 01/24/2023",Center for Drug Evaluation and Research
01/09/2023 09:30 AM EST,01/09/2023 05:00 PM EST,"January 9, 2023: Dermatologic and Ophthalmic Drugs Advisory Committee Meeting - 01/09/2023",Center for Drug Evaluation and Research
12/14/2022 09:00 AM EST,12/14/2022 02:00 PM EST,"UPDATED INFORMATION : December 14, 2022: Cardiovascular and Renal Drugs Advisory Committee Meeting Announcement - 12/14/2022",Center for Drug Evaluation and Research
12/13/2022 09:00 AM EST,12/13/2022 05:00 PM EST,"December 13, 2022: Cardiovascular and Renal Drugs Advisory Committee Meeting Announcement - 12/13/2022",Center for Drug Evaluation and Research
12/08/2022 09:30 AM EST,12/08/2022 01:30 PM EST,"Blood Products Advisory Committee December 8, 2022 Meeting Announcement - 12/08/2022",Center for Biologics Evaluation and Research
12/08/2022 09:00 AM EST,12/08/2022 04:30 PM EST,"2022 Meeting Announcement, Science Board to the FDA - 12/08/2022",Office of the Commissioner
11/22/2022 10:00 AM EST,11/22/2022 03:00 PM EST,"UPDATED INFORMATION : November 22, 2022: Meeting of the Oncologic Drugs Advisory Committee Announcement - 11/22/2022",Center for Drug Evaluation and Research
11/18/2022 09:00 AM EST,11/18/2022 05:30 PM EST,"POSTPONED: November 18, 2022 Joint Meeting of the Nonprescription Drugs Advisory Committee and the Obstetrics, Reproductive and Urologic Drugs Advisory Committee Meeting Announcement - 11/18/2022",Center for Drug Evaluation and Research
11/16/2022 09:30 AM EST,11/16/2022 05:00 PM EST,"November 16, 2022 Meeting of the Cardiovascular and Renal Drugs Advisory Committee Meeting Announcement - 11/16/2022",Center for Drug Evaluation and Research
11/10/2022 09:00 AM EST,11/10/2022 12:15 PM EST,"November 10, 2022: Ophthalmic Devices Panel of the Medical Devices Advisory Committee Meeting Announcement - 11/10/2022",Center for Devices and Radiological Health
11/09/2022 09:00 AM EST,11/09/2022 05:00 PM EST,"UPDATED AGENDA AND PUBLIC PARTICIPATION INFORMATION: November 9, 2022 Meeting of the Pulmonary-Allergy Drugs Advisory Committee Meeting Announcement - 11/09/2022",Center for Drug Evaluation and Research
11/08/2022 10:00 AM EST,11/08/2022 04:30 PM EST,"Updated Information: November 8, 2022: Meeting of the Pulmonary-Allergy Drugs Advisory Committee Meeting Announcement - 11/08/2022",Center for Drug Evaluation and Research
11/02/2022 09:00 AM EDT,11/03/2022 03:30 PM EDT,"November 2-3, 2022: Pharmaceutical Science and Clinical Pharmacology Advisory Committee Meeting Announcement - 11/02/2022",Center for Drug Evaluation and Research
11/01/2022 08:00 AM EDT,11/01/2022 06:00 PM EDT,"November 1, 2022: Anesthesiology and Respiratory Therapy Devices Panel of the Medical Devices Advisory Committee Meeting Announcement - 11/01/2022",Center for Devices and Radiological Health
10/31/2022 09:00 AM EDT,10/31/2022 05:00 PM EDT,"POSTPONED: October 31, 2022: Endocrinologic and Metabolic Drugs Advisory Committee Meeting Announcement - 10/31/2022",Center for Drug Evaluation and Research
10/28/2022 10:00 AM EDT,10/28/2022 03:00 PM EDT,"UPDATED AGENDA INFORMATION: October 28, 2022: Meeting of the Oncologic Drugs Advisory Committee Meeting Announcement - 10/28/2022",Center for Drug Evaluation and Research
10/26/2022 09:00 AM EDT,10/26/2022 05:15 PM EDT,"UPDATED CONTACT INFORMATION: October 26, 2022 Meeting of the Cardiovascular and Renal Drugs Advisory Committee Meeting Announcement - 10/26/2022",Center for Drug Evaluation and Research
10/26/2022 09:00 AM EDT,10/27/2022 03:00 PM EDT,"October 26-27, 2022: General and Plastic Surgery Devices Panel of the Medical Devices Advisory Committee Mtg. Announcement - 10/26/2022",Center for Devices and Radiological Health
10/20/2022 09:00 AM EDT,10/20/2022 06:00 PM EDT,"AMENDED INFORMATION: October 20, 2022 Clinical Chemistry and Clinical Toxicology Devices Panel of the Medical Devices Advisory Committee Meeting Announcement - 10/20/2022",Center for Devices and Radiological Health
10/17/2022 08:00 AM EDT,10/19/2022 12:15 PM EDT,"UPDATED INFORMATION: October 17 – 19, 2022: Hearing Announcement involving the Obstetrics, Reproductive, and Urologic Drugs Advisory Committee - 10/17/2022",Center for Drug Evaluation and Research
10/06/2022 08:30 AM EDT,10/06/2022 12:40 PM EDT,"Vaccines and Related Biological Products Advisory Committee October 6, 2022 Meeting Announcement - 10/06/2022",Center for Biologics Evaluation and Research
09/22/2022 09:00 AM EDT,09/23/2022 01:15 PM EDT,"September 22-23, 2022: Meeting of the Oncologic Drugs Advisory Committee Announcement - 09/22/2022",Center for Drug Evaluation and Research
09/22/2022 08:30 AM EDT,09/22/2022 05:00 PM EDT,"Vaccines and Related Biological Products Advisory Committee September 22, 2022 Meeting Announcement - 09/22/2022",Center for Biologics Evaluation and Research
09/07/2022 12:00 PM EDT,09/07/2022 06:30 PM EDT,"September 7, 2022: Meeting of the Peripheral and Central Nervous System Drugs Advisory Committee Meeting Announcement - 09/07/2022",Center for Drug Evaluation and Research
07/28/2022 09:00 AM EDT,07/29/2022 04:00 PM EDT,"July 28-29, 2022: General and Plastic Surgery Devices Panel of the Medical Devices Advisory Committee Meeting Announcement - 07/28/2022",Center for Devices and Radiological Health
07/12/2022 10:00 AM EDT,07/13/2022 02:00 PM EDT,"July 12-13, 2022: Patient Engagement Advisory Committee Meeting Announcement - 07/12/2022",Center for Devices and Radiological Health
06/29/2022 10:00 AM EDT,06/30/2022 04:45 PM EDT,"Cellular, Tissue, and Gene Therapies Advisory Committee June 29-30, 2022 Meeting Announcement - 06/29/2022",Center for Biologics Evaluation and Research
06/28/2022 08:30 AM EDT,06/28/2022 05:00 PM EDT,"Vaccines and Related Biological Products Advisory Committee June 28, 2022 Meeting Announcement - 06/28/2022",Center for Biologics Evaluation and Research
06/17/2022 08:45 AM EDT,06/17/2022 04:30 PM EDT,"June 17, 2022 Meeting of the Psychopharmacologic Drugs Advisory Committee Meeting Announcement - 06/17/2022",Center for Drug Evaluation and Research
06/14/2022 09:00 AM EDT,06/14/2022 05:00 PM EDT,"2022 Meeting Announcement, Science Board to the FDA - 06/14/2022",Office of the Commissioner
06/14/2022 08:30 AM EDT,06/15/2022 05:00 PM EDT,"Vaccines and Related Biological Products Advisory Committee June 14-15, 2022 Meeting Announcement - 06/14/2022",Center for Biologics Evaluation and Research
06/09/2022 10:00 AM EDT,06/10/2022 04:00 PM EDT,"Cellular, Tissue, and Gene Therapies Advisory Committee June 9-10, 2022 Meeting Announcement - 06/09/2022",Center for Biologics Evaluation and Research
06/08/2022 09:30 AM EDT,06/08/2022 05:15 PM EDT,"June 8, 2022: Meeting of the Pharmacy Compounding Advisory Committee Meeting Announcement - 06/08/2022",Center for Drug Evaluation and Research
06/07/2022 08:30 AM EDT,06/07/2022 05:00 PM EDT,"Vaccines and Related Biological Products Advisory Committee June 7, 2022 Meeting Announcement - 06/07/2022",Center for Biologics Evaluation and Research
05/18/2022 09:00 AM EDT,05/19/2022 12:30 PM EDT,"May 18-19, 2022: Science Advisory Board to the National Center for Toxicological Research 2022 Meeting Announcement - 05/18/2022",National Center for Toxicological Research
05/11/2022 10:00 AM EDT,05/12/2022 03:30 PM EDT,"May 11-12, 2022: Pediatric Oncology Subcommittee of the Oncologic Drugs Advisory Committee Meeting Announcement - 05/11/2022",Center for Drug Evaluation and Research
04/21/2022 12:00 PM EDT,04/22/2022 01:00 PM EDT,"UPDATED INFORMATION April 21-22, 2022: Meeting of the Oncologic Drugs Advisory Committee Meeting Announcement - 04/21/2022",Center for Drug Evaluation and Research
04/06/2022 08:30 AM EDT,04/06/2022 05:00 PM EDT,"Vaccines and Related Biological Products Advisory Committee April 6, 2022 Meeting Announcement - 04/06/2022",Center for Biologics Evaluation and Research
03/30/2022 10:00 AM EDT,03/30/2022 05:00 PM EDT,"UPDATED MEETING TIME AND OPEN PUBLIC HEARING TIME: March 30, 2022: Meeting of the Peripheral and Central Nervous System Drugs Advisory Committee Meeting Announcement - 03/30/2022",Center for Drug Evaluation and Research
03/10/2022 10:00 AM EST,03/10/2022 01:30 PM EST,"Cellular, Tissue, and Gene Therapies Advisory Committee March 10, 2022 Meeting Announcement - 03/10/2022",Center for Biologics Evaluation and Research
03/03/2022 09:00 AM EST,03/03/2022 03:30 PM EST,"Vaccines and Related Biological Products Advisory Committee March 3, 2022 Meeting Announcement - 03/03/2022",Center for Biologics Evaluation and Research
03/02/2022 09:00 AM EST,03/02/2022 06:00 PM EST,"March 2, 2022: Device Good Manufacturing Practice Advisory Committee Meeting Announcement - 03/02/2022",Center for Devices and Radiological Health
02/15/2022 09:30 AM EST,02/15/2022 05:00 PM EST,"February 15, 2022: Joint Meeting of the Anesthetic and Analgesic Drug Products Advisory Committee and the Drug Safety and Risk Management Advisory Committee - 02/15/2022",Center for Drug Evaluation and Research
02/15/2022 08:30 AM EST,02/15/2022 05:00 PM EST,"POSTPONED - Vaccines and Related Biological Products Advisory Committee February 15, 2022 Meeting Announcement - 02/15/2022",Center for Biologics Evaluation and Research
02/10/2022 10:00 AM EST,02/10/2022 03:00 PM EST,"February 10, 2022: Meeting of the Oncologic Drugs Advisory Committee Meeting Announcement - 02/10/2022",Center for Drug Evaluation and Research
12/10/2021 09:00 AM EST,12/10/2021 06:00 PM EST,"December 10, 2021: Neurological Devices Panel of the Medical Devices Advisory Committee Meeting Announcement - 12/10/2021",Center for Devices and Radiological Health
12/08/2021 09:30 AM EST,12/08/2021 05:00 PM EST,"December 8, 2021 Meeting of the Cardiovascular and Renal Drugs Advisory Committee Meeting Announcement - 12/08/2021",Center for Drug Evaluation and Research
12/02/2021 09:00 AM EST,12/02/2021 05:00 PM EST,"CANCELLED: December 2, 2021: Meeting of the Oncologic Drugs Advisory Committee Meeting Announcement - 12/02/2021 - 12/02/2021",Center for Drug Evaluation and Research
11/30/2021 09:00 AM EST,11/30/2021 05:00 PM EST,"November 30, 2021: Antimicrobial Drugs Advisory Committee Meeting Announcement - 11/30/2021",Center for Drug Evaluation and Research
11/04/2021 09:30 AM EDT,11/04/2021 05:20 PM EDT,"Blood Products Advisory Committee November 4, 2021 Meeting Announcement - 11/04/2021",Center for Biologics Evaluation and Research
11/04/2021 08:45 AM EDT,11/04/2021 03:30 PM EDT,"UPDATED TIME INFORMATION: November 4, 2021: Meeting of the Psychopharmacologic Drugs Advisory Committee (PDAC) Meeting Announcement - 11/04/2021",Center for Drug Evaluation and Research
11/02/2021 09:00 AM EDT,11/03/2021 06:00 PM EDT,"November 2-3, 2021: Circulatory System Devices Panel of the Medical Devices Advisory Committee Meeting Announcement - 11/02/2021",Center for Devices and Radiological Health
10/28/2021 10:30 AM EDT,10/28/2021 03:00 PM EDT,"CANCELLED October 28, 2021: Meeting of the Oncologic Drugs Advisory Committee Meeting Announcement - 10/28/2021 - 10/28/2021",Center for Drug Evaluation and Research
10/28/2021 09:30 AM EDT,10/28/2021 01:20 PM EDT,"Allergenic Products Advisory Committee October 28, 2021 Meeting Announcement - 10/28/2021",Center for Biologics Evaluation and Research
10/26/2021 08:30 AM EDT,10/26/2021 05:00 PM EDT,"Vaccines and Related Biological Products Advisory Committee October 26, 2021 Meeting Announcement - 10/26/2021","Center for Biologics Evaluation and Research, Office of Management"
10/20/2021 09:00 AM EDT,10/20/2021 06:00 PM EDT,"October 20, 2021: General and Plastic Surgery Devices Panel of the Medical Devices Advisory Committee Meeting Announcement - 10/20/2021",Center for Devices and Radiological Health
10/14/2021 08:30 AM EDT,10/15/2021 05:00 PM EDT,"Vaccines and Related Biological Products Advisory Committee October 14-15, 2021 Meeting Announcement - 10/14/2021",Center for Biologics Evaluation and Research
10/07/2021 09:00 AM EDT,10/07/2021 05:00 PM EDT,"October 7, 2021: Antimicrobial Drugs Advisory Committee Meeting Announcement - 10/07/2021 - 10/07/2021",Center for Drug Evaluation and Research
10/06/2021 10:00 AM EDT,10/06/2021 05:00 PM EDT,"October 6, 2021: Patient Engagement Advisory Committee Meeting Announcement - 10/06/2021",Center for Devices and Radiological Health
09/30/2021 08:30 AM EDT,09/30/2021 03:40 PM EDT,"Vaccines and Related Biological Products Advisory Committee September 30, 2021 Meeting Announcement - 09/30/2021 - 09/30/2021",Center for Biologics Evaluation and Research
09/17/2021 10:00 AM EDT,09/17/2021 03:00 PM EDT,Pediatric Advisory Committee Meeting Announcement - 09/17/2021 - 09/17/2021,Office of the Commissioner
09/17/2021 08:30 AM EDT,09/17/2021 03:45 PM EDT,"Vaccines and Related Biological Products Advisory Committee September 17, 2021 Meeting Announcement - 09/17/2021",Center for Biologics Evaluation and Research
09/02/2021 10:00 AM EDT,09/03/2021 06:00 PM EDT,"Cellular, Tissue, and Gene Therapies Advisory Committee September 2-3, 2021 Meeting Announcement - 09/02/2021",Center for Biologics Evaluation and Research
08/03/2021 09:00 AM EDT,08/03/2021 06:00 PM EDT,"August 3, 2021: Circulatory System Devices Panel of the Medical Devices Advisory Committee Meeting Announcement - 08/03/2021 - 08/03/2021",Center for Devices and Radiological Health
07/15/2021 09:30 AM EDT,07/15/2021 05:30 PM EDT,"UPDATED TIME INFORMATION: July 15, 2021 Meeting of the Cardiovascular and Renal Drugs Advisory Committee Meeting Announcement - 07/15/2021 - 07/15/2021",Center for Drug Evaluation and Research
07/14/2021 09:00 AM EDT,07/14/2021 06:00 PM EDT,"July 14, 2021: Gastroenterology and Urology Devices Panel of the Medical Devices Advisory Committee Meeting Announcement - 07/14/2021 - 07/14/2021",Center for Devices and Radiological Health
06/24/2021 10:30 AM EDT,06/24/2021 02:30 PM EDT,"June 24, 2021: Meeting of the Oncologic Drugs Advisory Committee Meeting Announcement - 06/24/2021 - 06/24/2021",Center for Drug Evaluation and Research
06/10/2021 08:30 AM EDT,06/10/2021 03:40 PM EDT,"Vaccines and Related Biological Products Advisory Committee June 10, 2021 Meeting Announcement - 06/10/2021 - 06/10/2021",Center for Biologics Evaluation and Research
06/09/2021 09:45 AM EDT,06/09/2021 05:05 PM EDT,"UPDATED AGENDA INFORMATION: June 9, 2021: Meeting of the Pharmacy Compounding Advisory Committee Meeting Announcement - 06/09/2021 - 06/09/2021",Center for Drug Evaluation and Research
06/03/2021 09:00 AM EDT,06/04/2021 06:00 PM EDT,"June 3-4, 2021: Neurological Devices Panel of the Medical Devices Advisory Committee Meeting Announcement - 06/03/2021 - 06/04/2021",Center for Veterinary Medicine
05/27/2021 09:00 AM EDT,05/27/2021 05:30 PM EDT,"UPDATED AGENDA INFORMATION: May 27, 2021: Meeting of the Endocrinologic and Metabolic Drugs Advisory Committee Meeting Announcement - 05/27/2021 - 05/27/2021",Center for Drug Evaluation and Research
05/11/2021 10:00 AM EDT,05/12/2021 05:00 PM EDT,"UPDATED INFORMATION: May 11-12, 2021: Meeting of the Pediatric Oncology Subcommittee of the Oncologic Drugs Advisory Committee Meeting Announcement - 05/11/2021 - 05/12/2021",Center for Drug Evaluation and Research
05/11/2021 09:00 AM EDT,05/12/2021 12:30 PM EDT,"May 11-12, 2021: Science Advisory Board to the National Center for Toxicological Research 2021 Meeting Announcement - 05/11/2021 - 05/12/2021",National Center for Toxicological Research
05/06/2021 10:00 AM EDT,05/06/2021 04:15 PM EDT,"May 6, 2021: Meeting of the Arthritis Advisory Committee Meeting Announcement - 05/06/2021",Center for Drug Evaluation and Research
04/27/2021 01:00 PM EDT,04/29/2021 05:30 PM EDT,"April 27-29, 2021: Meeting of the Oncologic Drugs Advisory Committee Meeting Announcement - 04/27/2021 - 04/29/2021",Center for Drug Evaluation and Research
04/15/2021 10:00 AM EDT,04/15/2021 06:00 PM EDT,"Cellular, Tissue, and Gene Therapies Advisory Committee April 15, 2021 Meeting Announcement - 04/15/2021",Center for Biologics Evaluation and Research
04/06/2021 09:00 AM EDT,04/06/2021 06:00 PM EDT,"April 6, 2021: Circulatory System Devices Panel of the Medical Devices Advisory Committee Meeting Announcement - 04/06/2021 - 04/06/2021",Center for Devices and Radiological Health
03/24/2021 09:00 AM EDT,03/25/2021 01:00 PM EDT,"March 24-25, 2021: Joint Meeting of the Arthritis Advisory Committee and the Drug Safety and Risk Management Advisory Committee Meeting Announcement - 03/24/2021 - 03/25/2021",Center for Drug Evaluation and Research
03/23/2021 09:00 AM EDT,03/23/2021 06:00 PM EDT,"March 23, 2021: General and Plastic Surgery Devices Panel of the Medical Devices Advisory Committee Meeting Announcement - 03/23/2021 - 03/23/2021",Center for Devices and Radiological Health
03/05/2021 09:00 AM EST,03/05/2021 03:30 PM EST,"Vaccines and Related Biological Products Advisory Committee March 5, 2021 Meeting Announcement - 03/05/2021 - 03/05/2021",Center for Biologics Evaluation and Research
02/26/2021 09:00 AM EST,02/26/2021 05:30 PM EST,"Vaccines and Related Biological Products Advisory Committee February 26, 2021 Meeting Announcement - 02/26/2021",Center for Biologics Evaluation and Research
02/17/2021 09:00 AM EST,02/17/2021 06:00 PM EST,"February 17, 2021: Circulatory System Devices Panel of the Medical Devices Advisory Committee Meeting Announcement - 02/17/2021 - 02/17/2021",Center for Devices and Radiological Health
02/09/2021 10:00 AM EST,02/09/2021 02:00 PM EST,"UPDATED TIME AND PUBLIC PARTICIPATION INFORMATION: February 9, 2021: Meeting of the Oncologic Drugs Advisory Committee Meeting Announcement - 02/09/2021 - 02/09/2021",Center for Drug Evaluation and Research
12/17/2020 09:00 AM EST,12/17/2020 06:00 PM EST,"Vaccines and Related Biological Products Advisory Committee December 17, 2020 Meeting Announcement - 12/17/2020",Center for Biologics Evaluation and Research
12/10/2020 09:00 AM EST,12/10/2020 06:00 PM EST,"Vaccines and Related Biological Products Advisory Committee December 10, 2020 Meeting Announcement - 12/10/2020",Center for Biologics Evaluation and Research
11/06/2020 10:00 AM EST,11/06/2020 04:00 PM EST,"November 6, 2020: Meeting of the Peripheral and Central Nervous System Drugs Advisory Committee Meeting Announcement - 11/06/2020 - 11/06/2020",Center for Drug Evaluation and Research
10/27/2020 09:00 AM EDT,10/27/2020 06:00 PM EDT,"October 27, 2020: Circulatory System Devices Panel of the Medical Devices Advisory Committee Meeting Announcement - 10/27/2020 - 10/27/2020",Center for Devices and Radiological Health
10/22/2020 10:00 AM EDT,10/22/2020 05:00 PM EDT,"October 22, 2020: Patient Engagement Advisory Committee Meeting Announcement - 10/22/2020 - 10/22/2020",Center for Devices and Radiological Health
10/22/2020 10:00 AM EDT,10/22/2020 05:00 PM EDT,"Vaccines and Related Biological Products Advisory Committee October 22, 2020 Meeting Announcement - 10/22/2020",Center for Biologics Evaluation and Research
10/02/2020 11:00 AM EDT,10/02/2020 03:30 PM EDT,"Vaccines and Related Biological Products Advisory Committee October 2, 2020 Meeting Announcement - 10/02/2020",Center for Biologics Evaluation and Research
09/08/2020 08:00 AM EDT,09/09/2020 01:00 PM EDT,"September 8-9, 2020: Orthopaedic and Rehabilitation Devices Panel of the Medical Devices Advisory Committee Meeting Announcement - 09/08/2020 - 09/09/2020",Center for Devices and Radiological Health
05/15/2020 08:30 AM EDT,05/15/2020 03:00 PM EDT,"Cancelled- Allergenic Products Advisory Committee May 15, 2020 Meeting Announcement - 05/15/2020",Center for Biologics Evaluation and Research
05/08/2020 01:00 PM EDT,05/08/2020 04:55 PM EDT,"Cellular, Tissue and Gene Therapies Advisory Committee May 8, 2020 Meeting Announcement - 05/08/2020",Center for Biologics Evaluation and Research
04/23/2020 08:00 AM EDT,04/24/2020 01:00 PM EDT,"POSTPONED: April 23-24, 2020 Orthopaedic and Rehabilitation Devices Panel of the Medical Devices Advisory Committee Meeting Announcement - 04/23/2020 - 04/24/2020",Center for Devices and Radiological Health
04/02/2020 08:30 AM EDT,04/03/2020 12:30 PM EDT,"POSTPONED- Blood Products Advisory Committee April 2-3, 2020 Meeting Announcement - 04/02/2020",Center for Biologics Evaluation and Research
03/04/2020 08:30 AM EST,03/04/2020 05:10 PM EST,"Vaccines and Related Biological Products Advisory Committee March 4, 2020 Meeting Announcement - 03/04/2020",Center for Biologics Evaluation and Research
02/14/2020 08:00 AM EST,02/14/2020 05:00 PM EST,"February 14, 2020: Tobacco Products Scientific Advisory Committee Meeting - 02/14/2020",Center for Tobacco Products
11/13/2019 08:00 AM EST,11/14/2019 06:00 PM EST,"November 13-14, 2019: Immunology Devices Panel of the Medical Devices Advisory Committee Meeting Announcement - 11/13/2019 - 11/14/2019",Center for Devices and Radiological Health
11/06/2019 08:00 AM EST,11/07/2019 06:00 PM EST,"November 6-7, 2019: General Hospital and Personal Use Devices Panel of the Medical Devices Advisory Committee Meeting Announcement - 11/06/2019 - 11/07/2019",Center for Devices and Radiological Health
09/27/2019 08:30 AM EDT,09/27/2019 01:30 PM EDT,"September 27, 2019: Meeting of the Pediatric and Drug Safety and Risk Management Committees - 09/27/2019",Office of the Commissioner
09/26/2019 09:00 AM EDT,09/26/2019 04:40 PM EDT,"September 26, 2019: Meeting of the Pediatric and Drug Safety and Risk Management Advisory Committees - 09/26/2019",Office of the Commissioner
10/17/2018 08:00 PM EDT,10/17/2018 08:00 PM EDT,"October 18, 2018: Meeting of the Gastrointestinal Drugs Advisory Committee Meeting Announcement - 10/17/2018 - 10/18/2018",Center for Drug Evaluation and Research
05/02/2018 08:00 PM EDT,05/02/2018 08:00 PM EDT,"May 3, 2018: Joint Meeting of the Gastrointestinal Drugs Advisory Committee and the Pediatric Advisory Committee Meeting Announcement - 05/02/2018",Center for Drug Evaluation and Research
11/15/2017 07:00 AM EST,11/15/2017 07:00 PM EST,"November 16, 2017: Meeting of the Antimicrobial Drugs Advisory Committee Meeting Announcement - 11/15/2017",Center for Drug Evaluation and Research
04/24/2016 08:00 PM EDT,04/24/2016 08:00 PM EDT,"April 25, 2016: Meeting of the Peripheral and Central Nervous System Drugs Advisory Committee - 04/24/2016",Center for Drug Evaluation and Research